{"cameraMode":{"drawMode":0,"name":"Shaded","section":"Shading Mode"},"sceneLighting":false,"audioPlay":false,"sceneViewState":{"m_AlwaysRefresh":false,"showFog":true,"showSkybox":false,"showFlares":true,"showImageEffects":true,"showParticleSystems":true,"showVisualEffectGraphs":true,"m_FxEnabled":false},"in2DMode":false,"pivot":{"x":-1.2020816802978516,"y":1.4000000953674317,"z":1.2020816802978516},"rotation":{"x":0.008397580124437809,"y":0.9833207726478577,"z":-0.17588913440704347,"w":0.046970464289188388},"size":3.6769556999206545,"orthographic":false}