{"cameraMode":{"drawMode":0,"name":"Shaded","section":"Shading Mode"},"sceneLighting":false,"audioPlay":false,"sceneViewState":{"m_AlwaysRefresh":true,"showFog":true,"showSkybox":false,"showFlares":true,"showImageEffects":true,"showParticleSystems":true,"showVisualEffectGraphs":true,"m_FxEnabled":false},"in2DMode":false,"pivot":{"x":-0.38262414932250979,"y":1.423243522644043,"z":37.90999984741211},"rotation":{"x":0.09135586023330689,"y":0.024077843874692918,"z":-0.0023323548957705499,"w":0.9956569671630859},"size":6.215122222900391,"orthographic":false}