{"cameraMode":{"drawMode":0,"name":"Shaded","section":"Shading Mode"},"sceneLighting":false,"audioPlay":false,"sceneViewState":{"m_AlwaysRefresh":true,"showFog":true,"showSkybox":false,"showFlares":true,"showImageEffects":true,"showParticleSystems":true,"showVisualEffectGraphs":true,"m_FxEnabled":false},"in2DMode":false,"pivot":{"x":-1.2020816802978516,"y":1.4000000953674317,"z":1.2020816802978516},"rotation":{"x":-0.13608381152153016,"y":0.5304456353187561,"z":-0.08661258220672608,"w":-0.8323502540588379},"size":3.6769556999206545,"orthographic":false}