{"cameraMode":{"drawMode":0,"name":"Shaded","section":"Shading Mode"},"sceneLighting":false,"audioPlay":false,"sceneViewState":{"m_AlwaysRefresh":true,"showFog":true,"showSkybox":false,"showFlares":true,"showImageEffects":true,"showParticleSystems":true,"showVisualEffectGraphs":true,"m_FxEnabled":false},"in2DMode":false,"pivot":{"x":-1.2020816802978516,"y":0.40000006556510928,"z":1.2020816802978516},"rotation":{"x":0.028329936787486078,"y":0.962787389755249,"z":-0.24482624232769013,"w":0.11179591715335846},"size":3.4234490394592287,"orthographic":false}