{"cameraMode":{"drawMode":0,"name":"Shaded","section":"Shading Mode"},"sceneLighting":false,"audioPlay":false,"sceneViewState":{"m_AlwaysRefresh":true,"showFog":true,"showSkybox":false,"showFlares":true,"showImageEffects":true,"showParticleSystems":true,"showVisualEffectGraphs":true,"m_FxEnabled":false},"in2DMode":false,"pivot":{"x":0.1699995994567871,"y":1.700000286102295,"z":15.319999694824219},"rotation":{"x":0.08733775466680527,"y":-0.6846363544464111,"z":0.08190561830997467,"w":0.7192103862762451},"size":3.7277872562408449,"orthographic":false}