{"cameraMode":{"drawMode":0,"name":"Shaded","section":"Shading Mode"},"sceneLighting":true,"audioPlay":false,"sceneViewState":{"m_AlwaysRefresh":false,"showFog":true,"showSkybox":true,"showFlares":true,"showImageEffects":true,"showParticleSystems":true,"showVisualEffectGraphs":true,"m_FxEnabled":true},"in2DMode":false,"pivot":{"x":64.90254211425781,"y":15.5822172164917,"z":197.57098388671876},"rotation":{"x":0.01703050173819065,"y":-0.5846578478813171,"z":0.012284016236662865,"w":0.8110330700874329},"size":16.728071212768556,"orthographic":true}