{"cameraMode":{"drawMode":0,"name":"Shaded","section":"Shading Mode"},"sceneLighting":true,"audioPlay":false,"sceneViewState":{"m_AlwaysRefresh":false,"showFog":true,"showSkybox":true,"showFlares":true,"showImageEffects":true,"showParticleSystems":true,"showVisualEffectGraphs":true,"m_FxEnabled":true},"in2DMode":false,"pivot":{"x":0.006603240966796875,"y":0.46279656887054446,"z":-0.06449642777442932},"rotation":{"x":0.04750809445977211,"y":-0.7229856848716736,"z":0.04996557906270027,"w":0.6874297857284546},"size":2.7031941413879396,"orthographic":true}