{"cameraMode":{"drawMode":0,"name":"Shaded","section":"Shading Mode"},"sceneLighting":true,"audioPlay":false,"sceneViewState":{"m_AlwaysRefresh":true,"showFog":true,"showSkybox":true,"showFlares":true,"showImageEffects":true,"showParticleSystems":true,"showVisualEffectGraphs":true,"m_FxEnabled":false},"in2DMode":false,"pivot":{"x":0.7273759841918945,"y":1.9600005149841309,"z":101.80000305175781},"rotation":{"x":0.059974271804094318,"y":-0.732659637928009,"z":0.06493961066007614,"w":0.6750239133834839},"size":23.191360473632814,"orthographic":false}