{"cameraMode":{"drawMode":0,"name":"Shaded","section":"Shading Mode"},"sceneLighting":true,"audioPlay":false,"sceneViewState":{"m_AlwaysRefresh":false,"showFog":true,"showSkybox":true,"showFlares":true,"showImageEffects":true,"showParticleSystems":true,"showVisualEffectGraphs":true,"m_FxEnabled":true},"in2DMode":false,"pivot":{"x":-1.4513192176818848,"y":3.7252280712127687,"z":27.033891677856447},"rotation":{"x":0.016969993710517885,"y":-0.7067074775695801,"z":0.01696794293820858,"w":0.7071247100830078},"size":10.050400733947754,"orthographic":true}