{"cameraMode":{"drawMode":0,"name":"Shaded","section":"Shading Mode"},"sceneLighting":true,"audioPlay":false,"sceneViewState":{"m_AlwaysRefresh":true,"showFog":true,"showSkybox":true,"showFlares":true,"showImageEffects":true,"showParticleSystems":true,"showVisualEffectGraphs":true,"m_FxEnabled":false},"in2DMode":false,"pivot":{"x":0.03999972343444824,"y":0.09999989718198776,"z":0.03600013256072998},"rotation":{"x":-0.40799182653427126,"y":0.590338945388794,"z":-0.46247074007987978,"w":-0.5208815932273865},"size":1.3864823579788209,"orthographic":false}