{"cameraMode":{"drawMode":0,"name":"Shaded","section":"Shading Mode"},"sceneLighting":true,"audioPlay":false,"sceneViewState":{"m_AlwaysRefresh":true,"showFog":true,"showSkybox":true,"showFlares":true,"showImageEffects":true,"showParticleSystems":true,"showVisualEffectGraphs":true,"m_FxEnabled":false},"in2DMode":false,"pivot":{"x":4.76837158203125e-7,"y":3.8000011444091799,"z":10.800000190734864},"rotation":{"x":0.10686186701059342,"y":-0.34144580364227297,"z":0.03902692347764969,"w":0.933100163936615},"size":12.576881408691407,"orthographic":false}