{"cameraMode":{"drawMode":0,"name":"Shaded","section":"Shading Mode"},"sceneLighting":true,"audioPlay":false,"sceneViewState":{"m_AlwaysRefresh":false,"showFog":true,"showSkybox":true,"showFlares":true,"showImageEffects":true,"showParticleSystems":true,"showVisualEffectGraphs":true,"m_FxEnabled":true},"in2DMode":false,"pivot":{"x":2.079850435256958,"y":6.168051242828369,"z":25.136455535888673},"rotation":{"x":0.21527059376239777,"y":0.0682041272521019,"z":-0.015035176649689675,"w":0.9740816354751587},"size":3.8285279273986818,"orthographic":false}