{"cameraMode":{"drawMode":0,"name":"Shaded","section":"Shading Mode"},"sceneLighting":true,"audioPlay":false,"sceneViewState":{"m_AlwaysRefresh":true,"showFog":true,"showSkybox":true,"showFlares":true,"showImageEffects":true,"showParticleSystems":true,"showVisualEffectGraphs":true,"m_FxEnabled":false},"in2DMode":false,"pivot":{"x":-0.40000104904174807,"y":26.520000457763673,"z":231.1999969482422},"rotation":{"x":0.058316513895988467,"y":-0.713837206363678,"z":0.05825382098555565,"w":0.6956884860992432},"size":6.116893768310547,"orthographic":false}