{"cameraMode":{"drawMode":0,"name":"Shaded","section":"Shading Mode"},"sceneLighting":false,"audioPlay":false,"sceneViewState":{"m_AlwaysRefresh":false,"showFog":true,"showSkybox":true,"showFlares":true,"showImageEffects":true,"showParticleSystems":true,"showVisualEffectGraphs":true,"m_FxEnabled":false},"in2DMode":false,"pivot":{"x":4.201177597045898,"y":13.864745140075684,"z":128.44085693359376},"rotation":{"x":-0.00211989413946867,"y":-0.6994757056236267,"z":-0.0021234021987766029,"w":0.7147295475006104},"size":47.88679504394531,"orthographic":false}