{"cameraMode":{"drawMode":0,"name":"Shaded","section":"Shading Mode"},"sceneLighting":false,"audioPlay":false,"sceneViewState":{"m_AlwaysRefresh":false,"showFog":true,"showSkybox":false,"showFlares":true,"showImageEffects":true,"showParticleSystems":true,"showVisualEffectGraphs":true,"m_FxEnabled":false},"in2DMode":false,"pivot":{"x":-0.4606602191925049,"y":0.40000009536743166,"z":23.62065887451172},"rotation":{"x":0.01060048583894968,"y":0.9871671199798584,"z":-0.14163203537464143,"w":0.07390929758548737},"size":3.31058931350708,"orthographic":false}