{"cameraMode":{"drawMode":0,"name":"Shaded","section":"Shading Mode"},"sceneLighting":false,"audioPlay":false,"sceneViewState":{"m_AlwaysRefresh":true,"showFog":true,"showSkybox":false,"showFlares":true,"showImageEffects":true,"showParticleSystems":true,"showVisualEffectGraphs":true,"m_FxEnabled":false},"in2DMode":false,"pivot":{"x":0.027918338775634767,"y":0.40000009536743166,"z":4.472081661224365},"rotation":{"x":-0.09917604923248291,"y":0.2800446152687073,"z":-0.028989318758249284,"w":-0.9545149207115173},"size":6.626474380493164,"orthographic":false}